{
  "_description": "Expected Math function results per JS engine. Small precision differences reveal the engine.",
  "tests": {
    "acos_0.5": {
      "v8": 1.0471975511965979,
      "spidermonkey": 1.0471975511965976,
      "jsc": 1.0471975511965979
    },
    "acosh_1e300": {
      "v8": 691.4686750787736,
      "spidermonkey": 691.4686750787736,
      "jsc": 691.4686750787736
    },
    "asin_0.5": {
      "v8": 0.5235987755982989,
      "spidermonkey": 0.5235987755982988,
      "jsc": 0.5235987755982989
    },
    "atanh_0.5": {
      "v8": 0.5493061443340548,
      "spidermonkey": 0.5493061443340549,
      "jsc": 0.5493061443340548
    },
    "cbrt_100": {
      "v8": 4.641588833612779,
      "spidermonkey": 4.641588833612778,
      "jsc": 4.641588833612779
    },
    "cosh_1": {
      "v8": 1.5430806348152437,
      "spidermonkey": 1.5430806348152437,
      "jsc": 1.5430806348152437
    },
    "expm1_1": {
      "v8": 1.718281828459045,
      "spidermonkey": 1.7182818284590453,
      "jsc": 1.718281828459045
    },
    "log_10": {
      "v8": 2.302585092994046,
      "spidermonkey": 2.302585092994046,
      "jsc": 2.302585092994046
    },
    "sinh_1": {
      "v8": 1.1752011936438014,
      "spidermonkey": 1.1752011936438014,
      "jsc": 1.1752011936438014
    },
    "tan_neg1e300": {
      "v8": 0.5765029898797061,
      "spidermonkey": 0.5765029898797061,
      "jsc": 0.5765029898797061
    }
  },
  "discriminators": [
    {
      "test": "acos_0.5",
      "v8_value": 1.0471975511965979,
      "spidermonkey_value": 1.0471975511965976,
      "note": "Last digit differs between V8 and SpiderMonkey"
    },
    {
      "test": "asin_0.5",
      "v8_value": 0.5235987755982989,
      "spidermonkey_value": 0.5235987755982988,
      "note": "Last digit differs between V8 and SpiderMonkey"
    },
    {
      "test": "atanh_0.5",
      "v8_value": 0.5493061443340548,
      "spidermonkey_value": 0.5493061443340549,
      "note": "Last digit differs between V8 and SpiderMonkey"
    },
    {
      "test": "expm1_1",
      "v8_value": 1.718281828459045,
      "spidermonkey_value": 1.7182818284590453,
      "note": "Extra digit in SpiderMonkey"
    }
  ],
  "error_messages": {
    "_description": "JS error message patterns that identify the engine",
    "v8": {
      "null_property": "Cannot read properties of null",
      "undefined_var": "is not defined",
      "invalid_radix": "toString() radix must be between 2 and 36",
      "not_iterable": "is not iterable",
      "invalid_array_length": "Invalid array length"
    },
    "spidermonkey": {
      "null_property": "null has no properties",
      "undefined_var": "is not defined",
      "invalid_radix": "radix must be an integer at least 2 and no greater than 36",
      "not_iterable": "is not iterable",
      "invalid_array_length": "invalid array length"
    },
    "jsc": {
      "null_property": "null is not an object",
      "undefined_var": "Can't find variable",
      "invalid_radix": "toString() radix argument must be between 2 and 36",
      "not_iterable": "is not iterable",
      "invalid_array_length": "Array size is not a small enough positive integer"
    }
  }
}
